ordinal	cell	PUA-sample	PUA-position	PUA_UTF-8	Shift-JIS	title
#001	G.21		U+E001	\x{EE8081}	\x{F941}	男の子
#002	G.22		U+E002	\x{EE8082}	\x{F942}	女の子
#003	G.23		U+E003	\x{EE8083}	\x{F943}	美容
#004	G.24		U+E004	\x{EE8084}	\x{F944}	お父さん
#005	G.25		U+E005	\x{EE8085}	\x{F945}	お母さん
#006	G.26		U+E006	\x{EE8086}	\x{F946}	洋服
#007	G.27		U+E007	\x{EE8087}	\x{F947}	ブーツ
#008	G.28		U+E008	\x{EE8088}	\x{F948}	カメラ
#009	G.29		U+E009	\x{EE8089}	\x{F949}	電話
#010	G.2A		U+E00A	\x{EE808A}	\x{F94A}	携帯電話
#011	G.2B		U+E00B	\x{EE808B}	\x{F94B}	FAX
#012	G.2C		U+E00C	\x{EE808C}	\x{F94C}	パソコン
#013	G.2D		U+E00D	\x{EE808D}	\x{F94D}	パンチ!
#014	G.2E		U+E00E	\x{EE808E}	\x{F94E}	GOOD!
#015	G.2F		U+E00F	\x{EE808F}	\x{F94F}	No.1!
#016	G.30		U+E010	\x{EE8090}	\x{F950}	グー
#017	G.31		U+E011	\x{EE8091}	\x{F951}	チョキ
#018	G.32		U+E012	\x{EE8092}	\x{F952}	パーa
#019	G.33		U+E013	\x{EE8093}	\x{F953}	スキー
#020	G.34		U+E014	\x{EE8094}	\x{F954}	ゴルフ
#021	G.35		U+E015	\x{EE8095}	\x{F955}	テニス
#022	G.36		U+E016	\x{EE8096}	\x{F956}	野球
#023	G.37		U+E017	\x{EE8097}	\x{F957}	サーフィン
#024	G.38		U+E018	\x{EE8098}	\x{F958}	サッカー
#025	G.39		U+E019	\x{EE8099}	\x{F959}	魚
#026	G.3A		U+E01A	\x{EE809A}	\x{F95A}	うま
#027	G.3B		U+E01B	\x{EE809B}	\x{F95B}	車
#028	G.3C		U+E01C	\x{EE809C}	\x{F95C}	ヨット
#029	G.3D		U+E01D	\x{EE809D}	\x{F95D}	飛行機
#030	G.3E		U+E01E	\x{EE809E}	\x{F95E}	電車
#031	G.3F		U+E01F	\x{EE809F}	\x{F95F}	新幹線
#032	G.40		U+E020	\x{EE80A0}	\x{F960}	ハテナ
#033	G.41		U+E021	\x{EE80A1}	\x{F961}	ビックリ
#034	G.42		U+E022	\x{EE80A2}	\x{F962}	ハートマーク
#035	G.43		U+E023	\x{EE80A3}	\x{F963}	ハートブレイク
#036	G.44		U+E024	\x{EE80A4}	\x{F964}	1時
#037	G.45		U+E025	\x{EE80A5}	\x{F965}	2時
#038	G.46		U+E026	\x{EE80A6}	\x{F966}	時計
#039	G.47		U+E027	\x{EE80A7}	\x{F967}	4時
#040	G.48		U+E028	\x{EE80A8}	\x{F968}	5時
#041	G.49		U+E029	\x{EE80A9}	\x{F969}	6時
#042	G.4A		U+E02A	\x{EE80AA}	\x{F96A}	7時
#043	G.4B		U+E02B	\x{EE80AB}	\x{F96B}	8時
#044	G.4C		U+E02C	\x{EE80AC}	\x{F96C}	9時
#045	G.4D		U+E02D	\x{EE80AD}	\x{F96D}	10時
#046	G.4E		U+E02E	\x{EE80AE}	\x{F96E}	11時
#047	G.4F		U+E02F	\x{EE80AF}	\x{F96F}	12時
#048	G.50		U+E030	\x{EE80B0}	\x{F970}	お花見
#049	G.51		U+E031	\x{EE80B1}	\x{F971}	エンブレム
#050	G.52		U+E032	\x{EE80B2}	\x{F972}	バラ
#051	G.53		U+E033	\x{EE80B3}	\x{F973}	クリスマス
#052	G.54		U+E034	\x{EE80B4}	\x{F974}	指輪
#053	G.55		U+E035	\x{EE80B5}	\x{F975}	宝石
#054	G.56		U+E036	\x{EE80B6}	\x{F976}	家
#055	G.57		U+E037	\x{EE80B7}	\x{F977}	教会
#056	G.58		U+E038	\x{EE80B8}	\x{F978}	ビル
#057	G.59		U+E039	\x{EE80B9}	\x{F979}	駅
#058	G.5A		U+E03A	\x{EE80BA}	\x{F97A}	ガソリンスタンド
#059	G.5B		U+E03B	\x{EE80BB}	\x{F97B}	山
#060	G.5C		U+E03C	\x{EE80BC}	\x{F97C}	マイク
#061	G.5D		U+E03D	\x{EE80BD}	\x{F97D}	映画
#062	G.5E		U+E03E	\x{EE80BE}	\x{F97E}	音楽
#063	G.5F		U+E03F	\x{EE80BF}	\x{F980}	カギ
#064	G.60		U+E040	\x{EE8180}	\x{F981}	サックス
#065	G.61		U+E041	\x{EE8181}	\x{F982}	ギター
#066	G.62		U+E042	\x{EE8182}	\x{F983}	トランペット
#067	G.63		U+E043	\x{EE8183}	\x{F984}	レストラン
#068	G.64		U+E044	\x{EE8184}	\x{F985}	カクテル
#069	G.65		U+E045	\x{EE8185}	\x{F986}	コーヒー
#070	G.66		U+E046	\x{EE8186}	\x{F987}	ケーキ
#071	G.67		U+E047	\x{EE8187}	\x{F988}	ビール
#072	G.68		U+E048	\x{EE8188}	\x{F989}	雪
#073	G.69		U+E049	\x{EE8189}	\x{F98A}	曇り
#074	G.6A		U+E04A	\x{EE818A}	\x{F98B}	晴れ(昼)
#075	G.6B		U+E04B	\x{EE818B}	\x{F98C}	雨
#076	G.6C		U+E04C	\x{EE818C}	\x{F98D}	晴れ(夜)
#077	G.6D		U+E04D	\x{EE818D}	\x{F98E}	朝
#078	G.6E		U+E04E	\x{EE818E}	\x{F98F}	天使
#079	G.6F		U+E04F	\x{EE818F}	\x{F990}	ねこ
#080	G.70		U+E050	\x{EE8190}	\x{F991}	とら
#081	G.71		U+E051	\x{EE8191}	\x{F992}	くま
#082	G.72		U+E052	\x{EE8192}	\x{F993}	いぬ
#083	G.73		U+E053	\x{EE8193}	\x{F994}	ねずみ
#084	G.74		U+E054	\x{EE8194}	\x{F995}	クジラ
#085	G.75		U+E055	\x{EE8195}	\x{F996}	ペンギン
#086	G.76		U+E056	\x{EE8196}	\x{F997}	楽
#087	G.77		U+E057	\x{EE8197}	\x{F998}	喜
#088	G.78		U+E058	\x{EE8198}	\x{F999}	哀
#089	G.79		U+E059	\x{EE8199}	\x{F99A}	怒
#090	G.7A		U+E05A	\x{EE819A}	\x{F99B}	ウンチ
#101	E.21		U+E101	\x{EE8481}	\x{F741}	メール受信
#102	E.22		U+E102	\x{EE8482}	\x{F742}	メール送信
#103	E.23		U+E103	\x{EE8483}	\x{F743}	メール宛先
#104	E.24		U+E104	\x{EE8484}	\x{F744}	電話連絡先
#105	E.25		U+E105	\x{EE8485}	\x{F745}	アカンベー
#106	E.26		U+E106	\x{EE8486}	\x{F746}	ラブラブ
#107	E.27		U+E107	\x{EE8487}	\x{F747}	ガビーン
#108	E.28		U+E108	\x{EE8488}	\x{F748}	タラー
#109	E.29		U+E109	\x{EE8489}	\x{F749}	さる
#110	E.2A		U+E10A	\x{EE848A}	\x{F74A}	タコ
#111	E.2B		U+E10B	\x{EE848B}	\x{F74B}	ぶた
#112	E.2C		U+E10C	\x{EE848C}	\x{F74C}	宇宙人
#113	E.2D		U+E10D	\x{EE848D}	\x{F74D}	ロケット
#114	E.2E		U+E10E	\x{EE848E}	\x{F74E}	王冠
#115	E.2F		U+E10F	\x{EE848F}	\x{F74F}	電球
#116	E.30		U+E110	\x{EE8490}	\x{F750}	よつば
#117	E.31		U+E111	\x{EE8491}	\x{F751}	キス
#118	E.32		U+E112	\x{EE8492}	\x{F752}	バースデー
#119	E.33		U+E113	\x{EE8493}	\x{F753}	ピストル
#120	E.34		U+E114	\x{EE8494}	\x{F754}	虫眼鏡
#121	E.35		U+E115	\x{EE8495}	\x{F755}	陸上
#122	E.36		U+E116	\x{EE8496}	\x{F756}	オークション
#123	E.37		U+E117	\x{EE8497}	\x{F757}	花火
#124	E.38		U+E118	\x{EE8498}	\x{F758}	もみじ
#125	E.39		U+E119	\x{EE8499}	\x{F759}	落ち葉
#126	E.3A		U+E11A	\x{EE849A}	\x{F75A}	悪魔
#127	E.3B		U+E11B	\x{EE849B}	\x{F75B}	おばけ
#128	E.3C		U+E11C	\x{EE849C}	\x{F75C}	ドクロ
#129	E.3D		U+E11D	\x{EE849D}	\x{F75D}	ファイヤー
#130	E.3E		U+E11E	\x{EE849E}	\x{F75E}	かばん
#131	E.3F		U+E11F	\x{EE849F}	\x{F75F}	座席
#132	E.40		U+E120	\x{EE84A0}	\x{F760}	ハンバーガー
#133	E.41		U+E121	\x{EE84A1}	\x{F761}	公園
#134	E.42		U+E122	\x{EE84A2}	\x{F762}	キャンプ場
#135	E.43		U+E123	\x{EE84A3}	\x{F763}	温泉
#136	E.44		U+E124	\x{EE84A4}	\x{F764}	遊園地
#137	E.45		U+E125	\x{EE84A5}	\x{F765}	チケット
#138	E.46		U+E126	\x{EE84A6}	\x{F766}	CD
#139	E.47		U+E127	\x{EE84A7}	\x{F767}	DVD
#140	E.48		U+E128	\x{EE84A8}	\x{F768}	ラジオ
#141	E.49		U+E129	\x{EE84A9}	\x{F769}	ビデオ
#142	E.4A		U+E12A	\x{EE84AA}	\x{F76A}	テレビ
#143	E.4B		U+E12B	\x{EE84AB}	\x{F76B}	ゲーム
#144	E.4C		U+E12C	\x{EE84AC}	\x{F76C}	歌い出し
#145	E.4D		U+E12D	\x{EE84AD}	\x{F76D}	マージャン
#146	E.4E		U+E12E	\x{EE84AE}	\x{F76E}	対決
#147	E.4F		U+E12F	\x{EE84AF}	\x{F76F}	賞金
#148	E.50		U+E130	\x{EE84B0}	\x{F770}	当たり
#149	E.51		U+E131	\x{EE84B1}	\x{F771}	トロフィー
#150	E.52		U+E132	\x{EE84B2}	\x{F772}	ゴール
#151	E.53		U+E133	\x{EE84B3}	\x{F773}	スロット
#152	E.54		U+E134	\x{EE84B4}	\x{F774}	競馬
#153	E.55		U+E135	\x{EE84B5}	\x{F775}	競艇
#154	E.56		U+E136	\x{EE84B6}	\x{F776}	競輪
#155	E.57		U+E137	\x{EE84B7}	\x{F777}	工事中
#156	E.58		U+E138	\x{EE84B8}	\x{F778}	男性
#157	E.59		U+E139	\x{EE84B9}	\x{F779}	女性
#158	E.5A		U+E13A	\x{EE84BA}	\x{F77A}	乳幼児
#159	E.5B		U+E13B	\x{EE84BB}	\x{F77B}	注射器
#160	E.5C		U+E13C	\x{EE84BC}	\x{F77C}	睡眠
#161	E.5D		U+E13D	\x{EE84BD}	\x{F77D}	雷
#162	E.5E		U+E13E	\x{EE84BE}	\x{F77E}	ハイヒール
#163	E.5F		U+E13F	\x{EE84BF}	\x{F780}	入浴
#164	E.60		U+E140	\x{EE8580}	\x{F781}	トイレ
#165	E.61		U+E141	\x{EE8581}	\x{F782}	音声
#166	E.62		U+E142	\x{EE8582}	\x{F783}	お知らせ
#167	E.63		U+E143	\x{EE8583}	\x{F784}	祝日
#168	E.64		U+E144	\x{EE8584}	\x{F785}	ロックON
#169	E.65		U+E145	\x{EE8585}	\x{F786}	ロックOFF
#170	E.66		U+E146	\x{EE8586}	\x{F787}	街
#171	E.67		U+E147	\x{EE8587}	\x{F788}	料理
#172	E.68		U+E148	\x{EE8588}	\x{F789}	本
#173	E.69		U+E149	\x{EE8589}	\x{F78A}	為替相場
#174	E.6A		U+E14A	\x{EE858A}	\x{F78B}	株価
#175	E.6B		U+E14B	\x{EE858B}	\x{F78C}	ニュース
#176	E.6C		U+E14C	\x{EE858C}	\x{F78D}	元気
#177	E.6D		U+E14D	\x{EE858D}	\x{F78E}	銀行
#178	E.6E		U+E14E	\x{EE858E}	\x{F78F}	信号
#179	E.6F		U+E14F	\x{EE858F}	\x{F790}	駐車場
#180	E.70		U+E150	\x{EE8590}	\x{F791}	バス停
#181	E.71		U+E151	\x{EE8591}	\x{F792}	公衆トイレ
#182	E.72		U+E152	\x{EE8592}	\x{F793}	交番
#183	E.73		U+E153	\x{EE8593}	\x{F794}	郵便局
#184	E.74		U+E154	\x{EE8594}	\x{F795}	ATM
#185	E.75		U+E155	\x{EE8595}	\x{F796}	病院
#186	E.76		U+E156	\x{EE8596}	\x{F797}	コンビニ
#187	E.77		U+E157	\x{EE8597}	\x{F798}	学校
#188	E.78		U+E158	\x{EE8598}	\x{F799}	ホテル
#189	E.79		U+E159	\x{EE8599}	\x{F79A}	バス
#190	E.7A		U+E15A	\x{EE859A}	\x{F79B}	タクシー
#201	F.21		U+E201	\x{EE8881}	\x{F7A1}	徒歩
#202	F.22		U+E202	\x{EE8882}	\x{F7A2}	船
#203	F.23		U+E203	\x{EE8883}	\x{F7A3}	目的地
#204	F.24		U+E204	\x{EE8884}	\x{F7A4}	飾罫1
#205	F.25		U+E205	\x{EE8885}	\x{F7A5}	飾罫2
#206	F.26		U+E206	\x{EE8886}	\x{F7A6}	飾罫3
#207	F.27		U+E207	\x{EE8887}	\x{F7A7}	18禁
#208	F.28		U+E208	\x{EE8888}	\x{F7A8}	禁煙
#209	F.29		U+E209	\x{EE8889}	\x{F7A9}	初心者
#210	F.2A		U+E20A	\x{EE888A}	\x{F7AA}	バリアフリー
#211	F.2B		U+E20B	\x{EE888B}	\x{F7AB}	アンテナマーク
#212	F.2C		U+E20C	\x{EE888C}	\x{F7AC}	ハート
#213	F.2D		U+E20D	\x{EE888D}	\x{F7AD}	ダイヤ
#214	F.2E		U+E20E	\x{EE888E}	\x{F7AE}	スペード
#215	F.2F		U+E20F	\x{EE888F}	\x{F7AF}	クラブ
#216	F.30		U+E210	\x{EE8890}	\x{F7B0}	シャープダイヤル
#217	F.31		U+E211	\x{EE8891}	\x{F7B1}	フリーダイヤル
#218	F.32		U+E212	\x{EE8892}	\x{F7B2}	新着
#219	F.33		U+E213	\x{EE8893}	\x{F7B3}	更新
#220	F.34		U+E214	\x{EE8894}	\x{F7B4}	おすすめ
#221	F.35		U+E215	\x{EE8895}	\x{F7B5}	有料
#222	F.36		U+E216	\x{EE8896}	\x{F7B6}	無料
#223	F.37		U+E217	\x{EE8897}	\x{F7B7}	月額
#224	F.38		U+E218	\x{EE8898}	\x{F7B8}	申し込み
#225	F.39		U+E219	\x{EE8899}	\x{F7B9}	見出しボタン1
#226	F.3A		U+E21A	\x{EE889A}	\x{F7BA}	見出しボタン2
#227	F.3B		U+E21B	\x{EE889B}	\x{F7BB}	見出しボタン3
#228	F.3C		U+E21C	\x{EE889C}	\x{F7BC}	1ボタン
#229	F.3D		U+E21D	\x{EE889D}	\x{F7BD}	2ボタン
#230	F.3E		U+E21E	\x{EE889E}	\x{F7BE}	3ボタン
#231	F.3F		U+E21F	\x{EE889F}	\x{F7BF}	4ボタン
#232	F.40		U+E220	\x{EE88A0}	\x{F7C0}	5ボタン
#233	F.41		U+E221	\x{EE88A1}	\x{F7C1}	6ボタン
#234	F.42		U+E222	\x{EE88A2}	\x{F7C2}	7ボタン
#235	F.43		U+E223	\x{EE88A3}	\x{F7C3}	8ボタン
#236	F.44		U+E224	\x{EE88A4}	\x{F7C4}	9ボタン
#237	F.45		U+E225	\x{EE88A5}	\x{F7C5}	0ボタン
#238	F.46		U+E226	\x{EE88A6}	\x{F7C6}	お得
#239	F.47		U+E227	\x{EE88A7}	\x{F7C7}	割引
#240	F.48		U+E228	\x{EE88A8}	\x{F7C8}	サービス料
#241	F.49		U+E229	\x{EE88A9}	\x{F7C9}	ID
#242	F.4A		U+E22A	\x{EE88AA}	\x{F7CA}	満席
#243	F.4B		U+E22B	\x{EE88AB}	\x{F7CB}	空席
#244	F.4C		U+E22C	\x{EE88AC}	\x{F7CC}	指定席
#245	F.4D		U+E22D	\x{EE88AD}	\x{F7CD}	営業時間
#246	F.4E		U+E22E	\x{EE88AE}	\x{F7CE}	上へ
#247	F.4F		U+E22F	\x{EE88AF}	\x{F7CF}	下へ
#248	F.50		U+E230	\x{EE88B0}	\x{F7D0}	左へ
#249	F.51		U+E231	\x{EE88B1}	\x{F7D1}	右へ
#250	F.52		U+E232	\x{EE88B2}	\x{F7D2}	上
#251	F.53		U+E233	\x{EE88B3}	\x{F7D3}	下
#252	F.54		U+E234	\x{EE88B4}	\x{F7D4}	右
#253	F.55		U+E235	\x{EE88B5}	\x{F7D5}	左
#254	F.56		U+E236	\x{EE88B6}	\x{F7D6}	右上
#255	F.57		U+E237	\x{EE88B7}	\x{F7D7}	左上
#256	F.58		U+E238	\x{EE88B8}	\x{F7D8}	右下
#257	F.59		U+E239	\x{EE88B9}	\x{F7D9}	左下
#258	F.5A		U+E23A	\x{EE88BA}	\x{F7DA}	次へ
#259	F.5B		U+E23B	\x{EE88BB}	\x{F7DB}	前へ
#260	F.5C		U+E23C	\x{EE88BC}	\x{F7DC}	早送り
#261	F.5D		U+E23D	\x{EE88BD}	\x{F7DD}	巻戻し
#262	F.5E		U+E23E	\x{EE88BE}	\x{F7DE}	星座
#263	F.5F		U+E23F	\x{EE88BF}	\x{F7DF}	おひつじ座
#264	F.60		U+E240	\x{EE8980}	\x{F7E0}	おうし座
#265	F.61		U+E241	\x{EE8981}	\x{F7E1}	ふたご座
#266	F.62		U+E242	\x{EE8982}	\x{F7E2}	かに座
#267	F.63		U+E243	\x{EE8983}	\x{F7E3}	しし座
#268	F.64		U+E244	\x{EE8984}	\x{F7E4}	おとめ座
#269	F.65		U+E245	\x{EE8985}	\x{F7E5}	てんびん座
#270	F.66		U+E246	\x{EE8986}	\x{F7E6}	さそり座
#271	F.67		U+E247	\x{EE8987}	\x{F7E7}	いて座
#272	F.68		U+E248	\x{EE8988}	\x{F7E8}	やぎ座
#273	F.69		U+E249	\x{EE8989}	\x{F7E9}	みずがめ座
#274	F.6A		U+E24A	\x{EE898A}	\x{F7EA}	うお座
#275	F.6B		U+E24B	\x{EE898B}	\x{F7EB}	へびつかい座
#276	F.6C		U+E24C	\x{EE898C}	\x{F7EC}	TOPページ
#277	F.6D		U+E24D	\x{EE898D}	\x{F7ED}	OKボタン
#278	F.6E		U+E24E	\x{EE898E}	\x{F7EE}	著作権
#279	F.6F		U+E24F	\x{EE898F}	\x{F7EF}	登録商標
#280	F.70		U+E250	\x{EE8990}	\x{F7F0}	マナーモード
#281	F.71		U+E251	\x{EE8991}	\x{F7F1}	電源切
#282	F.72		U+E252	\x{EE8992}	\x{F7F2}	ご注意
#283	F.73		U+E253	\x{EE8993}	\x{F7F3}	ご案内
#284	F.74		U+E254	\x{EE8994}	\x{F7F4}	J-PHONEショップ
#285	F.75		U+E255	\x{EE8995}	\x{F7F5}	Sky Web
#286	F.76		U+E256	\x{EE8996}	\x{F7F6}	Sky Walker
#287	F.77		U+E257	\x{EE8997}	\x{F7F7}	Sky Melody
#288	F.78		U+E258	\x{EE8998}	\x{F7F8}	J-PHONE1
#289	F.79		U+E259	\x{EE8999}	\x{F7F9}	J-PHONE2
#290	F.7A		U+E25A	\x{EE899A}	\x{F7FA}	J-PHONE3
#301	O.21		U+E301	\x{EE8C81}	\x{F9A1}	メモ
#302	O.22		U+E302	\x{EE8C82}	\x{F9A2}	ネクタイ
#303	O.23		U+E303	\x{EE8C83}	\x{F9A3}	ハイビスカス
#304	O.24		U+E304	\x{EE8C84}	\x{F9A4}	チューリップ
#305	O.25		U+E305	\x{EE8C85}	\x{F9A5}	ひまわり
#306	O.26		U+E306	\x{EE8C86}	\x{F9A6}	花束
#307	O.27		U+E307	\x{EE8C87}	\x{F9A7}	やしの木
#308	O.28		U+E308	\x{EE8C88}	\x{F9A8}	サボテン
#309	O.29		U+E309	\x{EE8C89}	\x{F9A9}	トイレ
#310	O.2A		U+E30A	\x{EE8C8A}	\x{F9AA}	ヘッドホン
#311	O.2B		U+E30B	\x{EE8C8B}	\x{F9AB}	晩酌
#312	O.2C		U+E30C	\x{EE8C8C}	\x{F9AC}	乾杯
#313	O.2D		U+E30D	\x{EE8C8D}	\x{F9AD}	祝
#314	O.2E		U+E30E	\x{EE8C8E}	\x{F9AE}	喫煙
#315	O.2F		U+E30F	\x{EE8C8F}	\x{F9AF}	カプセル薬
#316	O.30		U+E310	\x{EE8C90}	\x{F9B0}	風船
#317	O.31		U+E311	\x{EE8C91}	\x{F9B1}	爆弾
#318	O.32		U+E312	\x{EE8C92}	\x{F9B2}	クラッカー
#319	O.33		U+E313	\x{EE8C93}	\x{F9B3}	ハサミ
#320	O.34		U+E314	\x{EE8C94}	\x{F9B4}	リボン
#321	O.35		U+E315	\x{EE8C95}	\x{F9B5}	マル秘
#322	O.36		U+E316	\x{EE8C96}	\x{F9B6}	MD
#323	O.37		U+E317	\x{EE8C97}	\x{F9B7}	メガホン
#324	O.38		U+E318	\x{EE8C98}	\x{F9B8}	帽子
#325	O.39		U+E319	\x{EE8C99}	\x{F9B9}	可愛いワンピース
#326	O.3A		U+E31A	\x{EE8C9A}	\x{F9BA}	ミュール
#327	O.3B		U+E31B	\x{EE8C9B}	\x{F9BB}	ロングブーツ
#328	O.3C		U+E31C	\x{EE8C9C}	\x{F9BC}	口紅
#329	O.3D		U+E31D	\x{EE8C9D}	\x{F9BD}	マニキュア
#330	O.3E		U+E31E	\x{EE8C9E}	\x{F9BE}	エステ
#331	O.3F		U+E31F	\x{EE8C9F}	\x{F9BF}	美容院
#332	O.40		U+E320	\x{EE8CA0}	\x{F9C0}	理容院
#333	O.41		U+E321	\x{EE8CA1}	\x{F9C1}	着物
#334	O.42		U+E322	\x{EE8CA2}	\x{F9C2}	ビキニ
#335	O.43		U+E323	\x{EE8CA3}	\x{F9C3}	ブランドバッグ
#336	O.44		U+E324	\x{EE8CA4}	\x{F9C4}	カチンコ
#337	O.45		U+E325	\x{EE8CA5}	\x{F9C5}	すず
#338	O.46		U+E326	\x{EE8CA6}	\x{F9C6}	踊る音符
#339	O.47		U+E327	\x{EE8CA7}	\x{F9C7}	ぴかぴかハート
#340	O.48		U+E328	\x{EE8CA8}	\x{F9C8}	ドキドキハート
#341	O.49		U+E329	\x{EE8CA9}	\x{F9C9}	ハートを射とめて
#342	O.4A		U+E32A	\x{EE8CAA}	\x{F9CA}	ハート:青
#343	O.4B		U+E32B	\x{EE8CAB}	\x{F9CB}	ハート:緑
#344	O.4C		U+E32C	\x{EE8CAC}	\x{F9CC}	ハート:黄
#345	O.4D		U+E32D	\x{EE8CAD}	\x{F9CD}	ハート:紫
#346	O.4E		U+E32E	\x{EE8CAE}	\x{F9CE}	NEW
#347	O.4F		U+E32F	\x{EE8CAF}	\x{F9CF}	☆
#348	O.50		U+E330	\x{EE8CB0}	\x{F9D0}	ダッシュ
#349	O.51		U+E331	\x{EE8CB1}	\x{F9D1}	飛び散る汗
#350	O.52		U+E332	\x{EE8CB2}	\x{F9D2}	○
#351	O.53		U+E333	\x{EE8CB3}	\x{F9D3}	×
#352	O.54		U+E334	\x{EE8CB4}	\x{F9D4}	怒り
#353	O.55		U+E335	\x{EE8CB5}	\x{F9D5}	☆(点滅)
#354	O.56		U+E336	\x{EE8CB6}	\x{F9D6}	動く”?”
#355	O.57		U+E337	\x{EE8CB7}	\x{F9D7}	動く”!”
#356	O.58		U+E338	\x{EE8CB8}	\x{F9D8}	お茶
#357	O.59		U+E339	\x{EE8CB9}	\x{F9D9}	パン
#358	O.5A		U+E33A	\x{EE8CBA}	\x{F9DA}	ソフトクリーム
#359	O.5B		U+E33B	\x{EE8CBB}	\x{F9DB}	フライドポテト
#360	O.5C		U+E33C	\x{EE8CBC}	\x{F9DC}	串団子
#361	O.5D		U+E33D	\x{EE8CBD}	\x{F9DD}	せんべい
#362	O.5E		U+E33E	\x{EE8CBE}	\x{F9DE}	ご飯
#363	O.5F		U+E33F	\x{EE8CBF}	\x{F9DF}	スパゲッティ
#364	O.60		U+E340	\x{EE8D80}	\x{F9E0}	ラーメン
#365	O.61		U+E341	\x{EE8D81}	\x{F9E1}	カレーライス
#366	O.62		U+E342	\x{EE8D82}	\x{F9E2}	おにぎり
#367	O.63		U+E343	\x{EE8D83}	\x{F9E3}	おでん
#368	O.64		U+E344	\x{EE8D84}	\x{F9E4}	寿司
#369	O.65		U+E345	\x{EE8D85}	\x{F9E5}	りんご
#370	O.66		U+E346	\x{EE8D86}	\x{F9E6}	みかん
#371	O.67		U+E347	\x{EE8D87}	\x{F9E7}	いちご
#372	O.68		U+E348	\x{EE8D88}	\x{F9E8}	すいか
#373	O.69		U+E349	\x{EE8D89}	\x{F9E9}	トマト
#374	O.6A		U+E34A	\x{EE8D8A}	\x{F9EA}	なす
#375	O.6B		U+E34B	\x{EE8D8B}	\x{F9EB}	バースデーケーキ
#376	O.6C		U+E34C	\x{EE8D8C}	\x{F9EC}	駅弁
#377	O.6D		U+E34D	\x{EE8D8D}	\x{F9ED}	ナベ
#401	P.21		U+E401	\x{EE9081}	\x{FB41}	アセリ
#402	P.22		U+E402	\x{EE9082}	\x{FB42}	ほくそえんでいる
#403	P.23		U+E403	\x{EE9083}	\x{FB43}	ひたすらごめんなさい
#404	P.24		U+E404	\x{EE9084}	\x{FB44}	エッヘン
#405	P.25		U+E405	\x{EE9085}	\x{FB45}	ウィンク
#406	P.26		U+E406	\x{EE9086}	\x{FB46}	わさびがきいた
#407	P.27		U+E407	\x{EE9087}	\x{FB47}	目がぐるぐる
#408	P.28		U+E408	\x{EE9088}	\x{FB48}	鼻ちょうちん
#409	P.29		U+E409	\x{EE9089}	\x{FB49}	あっかんべー
#410	P.2A		U+E40A	\x{EE908A}	\x{FB4A}	酔っぱらい
#411	P.2B		U+E40B	\x{EE908B}	\x{FB4B}	ゲロゲロ
#412	P.2C		U+E40C	\x{EE908C}	\x{FB4C}	マスクをつけた顔
#413	P.2D		U+E40D	\x{EE908D}	\x{FB4D}	顔が赤くなる
#414	P.2E		U+E40E	\x{EE908E}	\x{FB4E}	しらけ顔
#415	P.2F		U+E40F	\x{EE908F}	\x{FB4F}	冷や汗
#416	P.30		U+E410	\x{EE9090}	\x{FB50}	びっくり
#417	P.31		U+E411	\x{EE9091}	\x{FB51}	泣き
#418	P.32		U+E412	\x{EE9092}	\x{FB52}	泣いたり笑ったり
#419	P.33		U+E413	\x{EE9093}	\x{FB53}	可愛く泣いてる人
#420	P.34		U+E414	\x{EE9094}	\x{FB54}	にこにこ
#421	P.35		U+E415	\x{EE9095}	\x{FB55}	あははと笑う
#422	P.36		U+E416	\x{EE9096}	\x{FB56}	めちゃめちゃ怒っている
#423	P.37		U+E417	\x{EE9097}	\x{FB57}	KISS:動く口
#424	P.38		U+E418	\x{EE9098}	\x{FB58}	投げKISS
#425	P.39		U+E419	\x{EE9099}	\x{FB59}	目
#426	P.3A		U+E41A	\x{EE909A}	\x{FB5A}	鼻
#427	P.3B		U+E41B	\x{EE909B}	\x{FB5B}	耳
#428	P.3C		U+E41C	\x{EE909C}	\x{FB5C}	口
#429	P.3D		U+E41D	\x{EE909D}	\x{FB5D}	ごめんなさい
#430	P.3E		U+E41E	\x{EE909E}	\x{FB5E}	バイバイ
#431	P.3F		U+E41F	\x{EE909F}	\x{FB5F}	拍手
#432	P.40		U+E420	\x{EE90A0}	\x{FB60}	OK
#433	P.41		U+E421	\x{EE90A1}	\x{FB61}	Booing
#434	P.42		U+E422	\x{EE90A2}	\x{FB62}	おっは〜
#435	P.43		U+E423	\x{EE90A3}	\x{FB63}	×
#436	P.44		U+E424	\x{EE90A4}	\x{FB64}	○
#437	P.45		U+E425	\x{EE90A5}	\x{FB65}	手をつないでいる
#438	P.46		U+E426	\x{EE90A6}	\x{FB66}	土下座
#439	P.47		U+E427	\x{EE90A7}	\x{FB67}	バンザイ
#440	P.48		U+E428	\x{EE90A8}	\x{FB68}	人と人が歩いている
#441	P.49		U+E429	\x{EE90A9}	\x{FB69}	ラインダンス
#442	P.4A		U+E42A	\x{EE90AA}	\x{FB6A}	バスケットボール
#443	P.4B		U+E42B	\x{EE90AB}	\x{FB6B}	フットボール
#444	P.4C		U+E42C	\x{EE90AC}	\x{FB6C}	ビリヤード
#445	P.4D		U+E42D	\x{EE90AD}	\x{FB6D}	水泳
#446	P.4E		U+E42E	\x{EE90AE}	\x{FB6E}	RV
#447	P.4F		U+E42F	\x{EE90AF}	\x{FB6F}	トラック
#448	P.50		U+E430	\x{EE90B0}	\x{FB70}	消防車
#449	P.51		U+E431	\x{EE90B1}	\x{FB71}	救急車
#450	P.52		U+E432	\x{EE90B2}	\x{FB72}	パトカー
#451	P.53		U+E433	\x{EE90B3}	\x{FB73}	ジェットコースター
#452	P.54		U+E434	\x{EE90B4}	\x{FB74}	地下鉄
#453	P.55		U+E435	\x{EE90B5}	\x{FB75}	新幹線(700系)
#454	P.56		U+E436	\x{EE90B6}	\x{FB76}	門松
#455	P.57		U+E437	\x{EE90B7}	\x{FB77}	チョコ
#456	P.58		U+E438	\x{EE90B8}	\x{FB78}	お雛様
#457	P.59		U+E439	\x{EE90B9}	\x{FB79}	卒業式
#458	P.5A		U+E43A	\x{EE90BA}	\x{FB7A}	ランドセル
#459	P.5B		U+E43B	\x{EE90BB}	\x{FB7B}	鯉のぼり
#460	P.5C		U+E43C	\x{EE90BC}	\x{FB7C}	とじかさ
#461	P.5D		U+E43D	\x{EE90BD}	\x{FB7D}	結婚式
#462	P.5E		U+E43E	\x{EE90BE}	\x{FB7E}	波がザーン
#463	P.5F		U+E43F	\x{EE90BF}	\x{FB80}	かき氷
#464	P.60		U+E440	\x{EE9180}	\x{FB81}	線香花火
#465	P.61		U+E441	\x{EE9181}	\x{FB82}	貝
#466	P.62		U+E442	\x{EE9182}	\x{FB83}	風鈴
#467	P.63		U+E443	\x{EE9183}	\x{FB84}	台風
#468	P.64		U+E444	\x{EE9184}	\x{FB85}	稲穂
#469	P.65		U+E445	\x{EE9185}	\x{FB86}	ハロウィン
#470	P.66		U+E446	\x{EE9186}	\x{FB87}	お月見
#471	P.67		U+E447	\x{EE9187}	\x{FB88}	風がビュー
#472	P.68		U+E448	\x{EE9188}	\x{FB89}	サンタクロース
#473	P.69		U+E449	\x{EE9189}	\x{FB8A}	朝日
#474	P.6A		U+E44A	\x{EE918A}	\x{FB8B}	夕日
#475	P.6B		U+E44B	\x{EE918B}	\x{FB8C}	流れ星
#476	P.6C		U+E44C	\x{EE918C}	\x{FB8D}	虹
#501	Q.21		U+E501	\x{EE9481}	\x{FBA1}	ラブホテル
#502	Q.22		U+E502	\x{EE9482}	\x{FBA2}	アート
#503	Q.23		U+E503	\x{EE9483}	\x{FBA3}	演劇
#504	Q.24		U+E504	\x{EE9484}	\x{FBA4}	デパート
#505	Q.25		U+E505	\x{EE9485}	\x{FBA5}	お城(和)
#506	Q.26		U+E506	\x{EE9486}	\x{FBA6}	お城(洋)
#507	Q.27		U+E507	\x{EE9487}	\x{FBA7}	映画館
#508	Q.28		U+E508	\x{EE9488}	\x{FBA8}	工場
#509	Q.29		U+E509	\x{EE9489}	\x{FBA9}	東京タワー
#510	Q.2A		U+E50A	\x{EE948A}	\x{FBAA}	１０９
#511	Q.2B		U+E50B	\x{EE948B}	\x{FBAB}	日本
#512	Q.2C		U+E50C	\x{EE948C}	\x{FBAC}	アメリカ
#513	Q.2D		U+E50D	\x{EE948D}	\x{FBAD}	フランス
#514	Q.2E		U+E50E	\x{EE948E}	\x{FBAE}	ドイツ
#515	Q.2F		U+E50F	\x{EE948F}	\x{FBAF}	イタリア
#516	Q.30		U+E510	\x{EE9490}	\x{FBB0}	イギリス
#517	Q.31		U+E511	\x{EE9491}	\x{FBB1}	スペイン
#518	Q.32		U+E512	\x{EE9492}	\x{FBB2}	ロシア
#519	Q.33		U+E513	\x{EE9493}	\x{FBB3}	中国
#520	Q.34		U+E514	\x{EE9494}	\x{FBB4}	韓国
#521	Q.35		U+E515	\x{EE9495}	\x{FBB5}	白人
#522	Q.36		U+E516	\x{EE9496}	\x{FBB6}	中国人
#523	Q.37		U+E517	\x{EE9497}	\x{FBB7}	インド人
#524	Q.38		U+E518	\x{EE9498}	\x{FBB8}	おじいちゃん
#525	Q.39		U+E519	\x{EE9499}	\x{FBB9}	おばあちゃん
#526	Q.3A		U+E51A	\x{EE949A}	\x{FBBA}	あかちゃん
#527	Q.3B		U+E51B	\x{EE949B}	\x{FBBB}	安全第一
#528	Q.3C		U+E51C	\x{EE949C}	\x{FBBC}	お姫さま
#529	Q.3D		U+E51D	\x{EE949D}	\x{FBBD}	自由の女神
#530	Q.3E		U+E51E	\x{EE949E}	\x{FBBE}	衛兵
#531	Q.3F		U+E51F	\x{EE949F}	\x{FBBF}	フラメンコ
#532	Q.40		U+E520	\x{EE94A0}	\x{FBC0}	イルカ
#533	Q.41		U+E521	\x{EE94A1}	\x{FBC1}	とり
#534	Q.42		U+E522	\x{EE94A2}	\x{FBC2}	熱帯魚
#535	Q.43		U+E523	\x{EE94A3}	\x{FBC3}	ひよこ
#536	Q.44		U+E524	\x{EE94A4}	\x{FBC4}	ハムスター
#537	Q.45		U+E525	\x{EE94A5}	\x{FBC5}	けむし
#538	Q.46		U+E526	\x{EE94A6}	\x{FBC6}	ぞう
#539	Q.47		U+E527	\x{EE94A7}	\x{FBC7}	こあら
#540	Q.48		U+E528	\x{EE94A8}	\x{FBC8}	チンパンジー
#541	Q.49		U+E529	\x{EE94A9}	\x{FBC9}	ひつじ
#542	Q.4A		U+E52A	\x{EE94AA}	\x{FBCA}	おおかみ
#543	Q.4B		U+E52B	\x{EE94AB}	\x{FBCB}	うし
#544	Q.4C		U+E52C	\x{EE94AC}	\x{FBCC}	うさぎ
#545	Q.4D		U+E52D	\x{EE94AD}	\x{FBCD}	へび
#546	Q.4E		U+E52E	\x{EE94AE}	\x{FBCE}	にわとり
#547	Q.4F		U+E52F	\x{EE94AF}	\x{FBCF}	いのしし
#548	Q.50		U+E530	\x{EE94B0}	\x{FBD0}	らくだ
#549	Q.51		U+E531	\x{EE94B1}	\x{FBD1}	かえる
#550	Q.52		U+E532	\x{EE94B2}	\x{FBD2}	A型
#551	Q.53		U+E533	\x{EE94B3}	\x{FBD3}	B型
#552	Q.54		U+E534	\x{EE94B4}	\x{FBD4}	AB型
#553	Q.55		U+E535	\x{EE94B5}	\x{FBD5}	O型
#554	Q.56		U+E536	\x{EE94B6}	\x{FBD6}	足あと
#555	Q.57		U+E537	\x{EE94B7}	\x{FBD7}	TM
#556	Q.58		U+E538	\x{EE94B8}	\x{FBD8}	JSKY1
#557	Q.59		U+E539	\x{EE94B9}	\x{FBD9}	JSKY2
#558	Q.5A		U+E53A	\x{EE94BA}	\x{FBDA}	vodafoneロゴ1
#559	Q.5B		U+E53B	\x{EE94BB}	\x{FBDB}	vodafoneロゴ2
#560	Q.5C		U+E53C	\x{EE94BC}	\x{FBDC}	vodafone1
#561	Q.5D		U+E53D	\x{EE94BD}	\x{FBDD}	vodafone2
#562	Q.5E		U+E53E	\x{EE94BE}	\x{FBDE}	vodafone3
